日期,指数涨跌幅(%),浦发银行,民生银行,宝钢股份,中国石化,南方航空,中信证券,招商银行,保利地产,中国联通,上汽集团,复星医药,恒瑞医药,万华化学,华夏幸福,贵州茅台,山东黄金,海螺水泥,绿地控股,青岛海尔,三安光电,伊利股份,大秦铁路,中国神华,兴业银行,北京银行,中国铁建,农业银行,中国平安,交通银行,中国中铁,工商银行,中国太保,中国人寿,中国建筑,华泰证券,中国中车,光大银行,中国石油,中国国旅,建设银行,中国银行,中国重工,PC1,PC2,PC3,PC4,PC5,PC5,PC7
2010/1/29,-12.07,-9.5436,-8.5967,-21.5321,-18.9496,0.495,-10.9852,-15.9557,-14.9107,-3.5665,-22.9621,2.7082,-8.9905,-7.4136,-8.7707,-0.7537,-18.3562,-18.6723,-9.4581,-18.5559,17.6682,14.1239,-5.3398,-15.4222,-20.2183,-19.4933,-6.7834,,-15.6471,-12.6203,-9.2063,-10.8456,-13.7393,-14.6418,-9.7458,,-4.2179,,-5.3546,-10.4107,-8.7237,-5.3118,-3.3291,6.86E+00,3.37E+00,-7.00E+00,1.82E+00,1.05E+00,-1.33E+00,-2.62E-01
2010/2/26,1.47,5.7085,1.3831,6.0686,-1.1384,8.7028,-3.3946,4.8121,4.4596,-4.4097,9.2896,6.1194,2.8882,7.9172,17.4153,-1.0087,4.1336,0.7645,6.0936,9.7078,3.0933,3.9378,-0.6154,-2.0713,7.8669,2.6333,1.6432,,-3.1203,0.3672,1.2238,0.4124,7.4661,-0.2588,2.1127,N/A,2.0183,,-0.6116,-0.3731,-0.354,0.9756,-5.0331,6.95E+00,2.31E+00,-5.20E+00,-8.81E-01,4.53E-01,-3.66E-02,-1.41E+00
2010/3/31,3.21,9.8361,4.9113,-1.99,3.8973,14.0483,4.0264,8.0187,3.9176,-6.5476,-6.9545,-1.5002,-4.0819,-1.0004,25.9732,-4.843,2.0946,8.0764,11.1795,-5.4628,33.4687,2.8653,-0.9288,0.208,6.4284,4.6308,-2.6559,,11.9502,0.9756,0.1727,2.2587,13.6842,5.5597,-0.2299,2.6591,0,,-1.2308,-0.0535,0.7105,3.6232,-2.6499,6.68E+00,3.70E+00,-3.63E+00,-1.48E-01,8.69E-01,-7.95E-01,-1.70E-01
2010/4/30,-8.6,-9.6137,-8.7126,-12.5635,-14.0665,11.7881,1.8297,-12.3464,-21.9465,-6.2102,-7.914,6.4255,9.1048,-14.3158,-27.8636,-18.7264,3.4003,-15.8741,-19.6494,-13.7058,-13.0649,2.6308,-5.3125,-8.2353,-17.9644,-15.6699,-5.694,,-1.9841,-14.0097,-10.6897,-8.8353,-6.1852,-6.7065,-9.2166,-14.6161,-4.3165,,-5.7632,3.7473,-7.4074,-2.331,-3.2951,6.29E+00,3.64E+00,-3.47E+00,-1.36E-01,4.84E-01,-5.07E-01,-4.92E-01
2010/5/31,-9.73,-9.9563,-6.8376,-5.019,-14.4841,-22.6303,-31.5826,-7.288,-10.5263,-13.073,-11.8302,-0.2683,6.7789,-10.6409,-20.5318,2.2088,10.0039,-5.2759,-9.6312,4.1505,8.8069,-13.3595,-6.4906,-10.6712,-6.0596,-7.8014,-9.434,,-8.1781,-6.3971,-11.9691,-2.5004,-14.4098,-9.2586,-8.8832,-22.1018,-6.391,,-10.3306,-10.2683,-5.5238,-2.3866,11.1111,6.38E+00,3.76E+00,-2.62E+00,-6.81E-01,9.42E-01,4.59E-01,-6.30E-01
2010/6/30,-5.05,-3.8905,-7.4924,-7.2441,-8.0682,-3.8285,-9.1646,-1.6629,-7.4208,5.0949,-3.7487,-21.5247,-14.4702,-18.4916,-6.1338,-3.4274,-8.0576,-7.4929,0,1.4878,1.2624,2.2624,-0.404,-7.2604,-12.699,-6.6923,0,,3.1966,-4.7929,-8.9912,-4.6948,5.0277,5.3635,-1.4045,-10.7789,-3.2129,,-4.3758,10.1208,-5.2419,-13.9788,0,5.03E+00,3.14E+00,-1.41E+00,-1.06E-01,8.23E-01,1.25E+00,4.87E-03
2010/7/30,9.61,10.1471,11.6749,11.2054,13.8107,17.6752,9.5726,13.4375,28.5435,3.0019,24.9389,14.0843,6.9107,13.0912,9.901,9.896,-1.0165,24.1465,0,16.1859,11.9775,9.6324,5.508,10.8096,16.891,16.6594,8.8594,N/A,0,9.1514,12.649,6.1576,3.6506,-3.1984,9.1168,15.9002,12.9188,,4.4878,19.1123,9.763,5.6047,-0.6702,4.11E+00,2.30E+00,-1.11E+00,-1.63E+00,2.20E-01,5.38E-01,-1.12E+00
2010/8/31,-2.97,-6.6088,-3.5778,-1.2214,-7.5281,-3.3829,-8.5803,-6.7493,-8.7452,-7.1038,7.045,11.3293,5.0754,-1.6364,0.3604,14.8266,18.2348,17.7,0,3.7003,9.7795,15.8336,-0.348,0.8,-4.7177,-9.3123,-2.8683,-3.5842,0,-8.2317,-4.9892,-5.3364,0.8158,-6.7336,-6.2663,-7.8009,-5,N/A,-4.0149,12.4507,-5.4545,-6.9832,20.7827,4.50E+00,2.47E+00,-1.33E+00,-1.27E+00,1.06E-01,4.25E-01,-3.68E-01
2010/9/30,-0.46,-7.3624,-5.3803,2.473,0.6147,15.9664,-9.215,-4.3575,3,-0.3922,2.6813,-6.5807,11.1643,4.6827,-9.605,5.9662,31.1502,-3.8658,0,3.5683,-10.9763,12.3827,-2.0955,-1.3784,-9.8635,-5.6872,-0.5369,-2.974,14.0603,-2.0019,-3.1963,-0.9804,-7.155,-3.4529,-3.6212,-3.8658,11.306,1.7647,0.6054,-1.3645,-1.7094,0.3003,-3.352,4.48E+00,1.91E+00,-1.74E+00,-1.08E+00,-4.45E-01,9.00E-01,-3.64E-03
2010/10/29,13.7,11.7284,7.0588,8.1448,8.6585,42.3913,45.7707,12.5097,15.3722,6.2992,18.8131,3.7037,-3.0949,19.5409,-3.7736,-3.3071,6.6583,17.5431,0,17.1842,-4.5119,-3.8397,5.4697,21.1351,17.474,14.9079,1.7544,5.7471,13.2917,6.3793,12.5,7.9208,18.578,17.7427,5.4913,30.1214,4.7285,24.8555,9.9214,-4.0711,9.5652,6.2874,17.1098,4.99E+00,1.76E+00,-1.30E+00,-1.48E+00,-5.73E-01,1.14E+00,-6.65E-02
2010/11/30,-9.74,-12.3619,-7.1429,-12.4128,-8.7542,-24.5123,-17.3436,-10.4324,-15.007,-5.9259,-14.4855,1.6807,23.9425,-5.7115,-0.7224,25.5348,-10.3541,0.6767,0,-9.0018,-1.0058,14.0377,-8.7937,-15.3497,-11.5243,-13.2653,-11.4058,-5.4348,-5.3905,-9.8865,-10.9015,-1.904,-10.3288,-12.071,-6.0274,-18.3673,13.8796,-11.3426,-1.0724,37.9069,-6.584,-4.984,6.7127,6.00E+00,2.17E+00,-1.12E+00,-9.32E-01,-5.59E-01,1.83E+00,5.89E-01
2010/12/31,-0.2,-2.3641,-0.9862,1.7516,-0.861,9.4382,-1.7941,-1.8391,4.7855,5.315,-14.2523,-7.2314,1.6382,0.2089,-9.3555,-10.1997,-1.3291,10.829,1.6878,12.5249,8.3648,-16.7899,-3.3375,2.0653,0.0832,-3.8655,1.497,2.682,-0.9349,-1.4388,1.8824,0.9524,-1.2079,-4.4415,-0.2915,-2,10.8664,3.3943,1.355,-7.4694,-0.6494,-1.2232,9.0657,5.38E+00,9.05E-01,-1.01E+00,-3.11E-01,-9.78E-01,2.11E+00,1.71E+00
2011/1/31,-0.66,2.6634,0.1992,8.1377,11.6625,-11.807,-0.3971,-1.4052,1.9685,14.0187,18.3924,-10.6904,-17.0416,4.0646,2.9817,-3.2242,-12.7111,0.5391,-2.0747,-12.6905,-0.0218,-6.8479,10.7417,-3.9255,8.1081,1.5734,16.9617,-2.2388,-11.5028,1.0949,15.2425,0.2358,-2.4454,-0.4695,9.6491,1.895,20.1325,-1.7677,1.7825,-9.2347,4.5752,0.3096,19.5081,6.35E+00,1.32E+00,-1.09E+00,1.46E+00,-1.15E+00,-2.21E-01,9.65E-01
2011/2/28,2.71,-0.0786,1.5905,0.5789,-5.3333,2.0955,17.3046,1.9002,-4.4788,-3.6066,6.1565,5.4032,5.1407,27.8918,7.1269,0.3877,7.6288,15.9853,9.4633,25.2538,4.7983,7.6319,-3.3487,8.7195,0.3846,0.3442,-6.2205,-0.3817,0.1207,0.1805,-5.01,0.2353,0.4476,0.8019,-2.4,2.7897,-10.0331,-0.7712,-0.0876,4.6603,0.4167,0,0.6388,5.45E+00,-1.45E-01,7.05E-01,-7.04E-01,-2.35E+00,-1.95E+00,2.81E-01
2011/3/31,3.03,7.1597,9.3933,1.7266,0.1174,-8.3238,-5.0306,9.4794,8.5691,-3.2313,0,-7.571,-11.7228,-2.6233,-0.104,0.6548,6.0178,17.076,8.5161,-8.6872,-8.6368,-9.9322,2.27,12.7083,10,2.6587,-7.0365,5.7471,-0.6029,2.5225,-5.6962,4.9296,-1.426,-1.7782,1.0929,-2.714,-11.5196,-0.7772,4.2945,-11.0469,3.112,2.7778,-6.9817,6.07E+00,1.78E+00,7.97E-01,1.61E+00,2.52E-01,3.69E-01,1.53E-01
2011/4/29,1.5,4.8458,10.0179,-2.4045,1.2896,8.0846,-5.2971,2.626,-2.1593,2.6362,-1.2466,-1.7918,0.9379,-2.1311,10.4058,1.3678,-2.4,-6.7621,-1.7836,0.497,-9.2711,-1.534,4.9065,1.9251,1.7067,0.7519,-1.7467,6.5217,5.6005,4.5694,-1.566,2.0134,9.6293,-3.3349,7.8378,-3.5765,-4.0166,-0.2611,-1.5966,4.509,4.829,1.2012,-7.7331,6.18E+00,6.01E-01,2.19E+00,1.10E+00,-4.20E-01,6.11E-01,-1.94E+00
2011/5/31,-5.04,-2.9412,-1.4634,-7.6812,-6.713,-13.809,-2.8723,-3.8036,-5.6346,-2.226,-9.1658,-4.8653,-0.2273,-9.2973,16.9651,11.7876,-12.3951,-5.3467,-12.208,-7.4532,-9.4891,2.4691,-6.0134,-4.3508,-11.092,-8.5406,-9.4815,-3.4014,-6.7394,-3.1933,-5.6818,0,-8.8247,-5.7664,-6.015,-5.9347,-4.1847,-7.3298,-5.9778,-11.9561,-3.263,-0.8902,-6.9022,6.15E+00,4.43E-01,2.27E+00,-1.66E-02,-7.26E-01,-2.89E-01,-1.10E-01
2011/6/30,0,-6.5884,-3.772,-0.7497,3.7643,4.6729,5.965,-4.2559,17.0394,-8.056,13.2326,-0.6393,-2.4732,12.0359,33.5052,4.3327,0.1116,17.3897,2.5518,6.6794,0.5518,-4.5014,1.2569,9.1791,-5.0035,-7.6567,-0.982,0.4448,-0.9033,-3.8194,-3.8554,1.9301,2.9778,0.244,9.243,-1.3332,7.8788,-2.8324,0.554,-1.4237,2.2598,-1.5674,22.3774,6.03E+00,5.74E-01,3.15E+00,6.52E-01,-8.16E-01,7.16E-01,3.52E-01
2011/7/29,-3.7,-4.4715,-5.0611,-3.6484,-5.5893,5.4847,-5.4281,-5.1459,-4.7316,-1.9157,-8.3603,-0.4178,8.4418,-4.062,30.695,8.0958,6.5343,-10.0504,-4.9767,-8.8043,-1.4634,12.973,-7.2039,-1.493,-0.8902,-2.3069,-12.1531,-4.2857,-7.0208,-4.0828,-11.1532,-4.7085,-6.6101,-5.5467,-9.6774,-6.3158,-18.3989,-2.6866,-1.9284,12.4841,-4.6559,-1.9108,-3.6258,6.30E+00,-4.21E-01,3.58E+00,-7.98E-01,-9.69E-01,5.32E-02,-2.09E-01
2011/8/31,-3.48,-1.1702,10.1103,-8.9501,-5.2767,-5.3204,-1.6168,-4.0486,4.8711,-4.8828,-9.0642,-3.6313,-4.3077,-5.1811,18.3161,3.9092,0.4396,-11.1334,3.2733,-11.6535,-10.3342,6.0074,-1.1842,-9.2287,-0.2246,0.4107,-10.0569,-2.6119,-8.4719,-1.0395,-10.2857,-2.5882,-0.9087,-10.0508,-3.8462,-10.8038,-12.2203,-5.5215,-7.4906,9.4808,-2.5478,-2.5974,-7.5997,6.21E+00,-3.22E-01,3.37E+00,-1.58E-01,-6.88E-01,-1.03E-01,1.41E-01
2011/9/30,-8.4,-8.0732,-7.8464,-3.5917,-4.5162,-18.0077,-7.5596,-6.6667,-15.7559,5.1335,3.4304,-9.6618,-6.5595,-6.5217,10.9863,-11.2586,-18.9871,-22.4876,-12.5198,-18.1818,-10.766,-8.2247,-4.5273,-5.974,-7.0518,-5.6237,-8.4388,-5.7471,-17.2775,-5.8824,-7.6433,-3.8647,-10.7625,-7.4702,-3.4286,-3.4884,-11.5686,-4.2208,1.5569,-15.4296,-4.1394,-5,-12.7036,5.91E+00,-9.61E-01,3.54E+00,-8.25E-01,-1.21E+00,-3.94E-03,1.38E-01
2011/10/31,6.23,7.8454,10.6884,3.3333,3.0303,1.2461,6.6667,9.4033,11.4595,6.25,2.2528,5.2406,-0.6882,-5.6568,1.5748,7.1462,-1.0805,17.2093,0.5435,12.5272,-4.7951,14.5902,7.113,6.472,7.3446,9.9675,8.2949,8.9431,15.2219,5.1339,7.5862,8.5427,7.0308,13.365,-0.8876,5.3213,21.5078,2.0339,0.1013,13.7749,9.5455,5.2632,-0.1866,5.37E+00,-1.71E+00,2.99E+00,-5.19E-01,-1.37E+00,-2.15E-01,6.19E-01
2011/11/30,-7.19,-7.709,-5.0736,-8.1594,-0.5602,-11.6923,-10.5,-7.3554,-10.6693,-3.4926,-17.1971,-5.0813,7.2765,-11.7921,0.6645,2.8647,-5.5917,-19.1468,-6.1261,-17.5218,13.5662,5.7701,-2.9948,-5.8933,-8.3459,-7.3892,-8.0851,-5.2239,-8.8418,-4.6709,-8.6538,-3.0093,-8.3881,2.5135,-8.6567,-13.632,-7.1168,-6.3123,-4.251,2.1429,-2.6971,-4,-4.9327,4.36E+00,-2.84E+00,2.32E+00,-4.72E-01,-1.70E+00,-2.12E-01,1.00E+00
2011/12/31,-2.68,-0.1176,1.5517,0.2066,1.1268,-17.4216,-9.5903,5.8876,8.5776,-0.1905,4.5085,-8.5653,-4.9096,-2.568,-11.7162,-7.9787,-21.7906,-3.9877,-11.9002,4.8122,-21.8169,-7.89,0.1342,-0.2363,2.7071,-1.2766,-12.2685,3.1496,-2.3256,-0.2227,-11.5789,1.1933,5.957,2.9772,-4.902,-13.6865,-14.9312,2.1277,2.9598,-8.2867,-3.1983,1.3889,-19.6541,3.93E+00,-2.32E+00,2.53E+00,4.96E-01,-9.31E-01,7.60E-01,1.23E+00
2012/1/31,7.9,8.5984,8.9983,4.9485,8.078,5.9072,10.0927,6.5712,5,-6.8702,6.7185,1.0539,-11.6848,5.969,16.5109,-3.5644,22.8602,10.9904,2.8322,3.1355,3.3852,0.0489,3.2172,6.0008,10.7029,7.7586,7.124,3.0534,11.324,8.0357,3.1746,1.4151,9.3701,6.4626,5.4983,6.5217,6.2356,4.1667,4.8255,-5.7186,5.0661,2.7397,8.4149,1.95E+00,-3.00E+00,3.15E+00,8.08E-01,-1.23E+00,-3.23E-01,-1.56E+00
2012/2/29,4.32,3.4707,2.648,3.5363,-1.8041,5.7769,10.3835,1.7391,5.7143,0.2049,4.5063,7.0684,3,8.5589,17.861,9.683,7.9415,3.2815,11.8644,13.8979,15.3097,12.4755,-1.039,2.7561,3.2468,7.1,9.6059,1.8519,6.4684,3.719,6.1538,3.0233,0,-0.4792,6.5147,7.8031,7.1739,2.6667,3.0362,9.3409,2.3061,2.3333,9.2058,4.43E+00,-1.86E+00,1.24E+00,6.09E-01,7.14E-01,-3.38E+00,-4.47E-02
2012/3/31,-6.42,-6.3941,-4.8558,-9.4877,-5.643,-15.0659,-1.7797,-7.5369,1.7117,-13.4969,-5.9607,-0.1082,-2.0538,-11.9272,-1.8149,-3.6682,-12.9084,-12.0401,-10.9848,-1.9066,-14.3615,-4.1322,-2.231,-7.1765,-6.9182,-8.31,-11.0112,-2.5455,-10.3871,-6.1753,-11.2319,-2.2573,-8.1866,-12.5201,-6.7278,-2.2272,-9.9391,-7.4675,-7.8897,-5.5473,-1.0246,-2.9316,-7.2727,2.77E+00,-3.54E+00,1.49E+00,4.53E+00,-5.74E-01,3.23E+00,-5.50E+00
2012/4/27,6.69,5.3751,6.0606,4.8218,-0.1391,7.5388,12.1657,2.521,10.806,2.3641,3.7087,2.0585,2.8212,8.7488,7.1165,14.013,7.1363,10.7098,125.5319,8.4548,4.9541,1.0525,0.2685,4.998,7.4324,6.11,10.8586,1.4925,11.2903,3.8217,11.4286,0.9238,12.5972,11.2538,10.8197,19.1344,13.0631,6.3158,2.4768,13.2341,-0.8282,2.349,8.3779,2.07E+00,-2.80E+00,1.83E+00,1.58E-01,-2.96E-01,-7.93E-01,-1.03E+00
2012/5/31,-0.65,-6.8013,-4.2105,-3.2,-4.2234,-0.6186,5.9231,-4.4262,9.0328,-5.3118,2.2107,11.1465,6.8619,10.9398,13.0999,5.3972,-2.3342,2.5758,-19.8113,9.2294,25.4371,1.9973,-0.4016,-3.2726,-4.4331,-5.0864,2.0501,-2.9412,2.8986,-3.7072,1.0989,-3.4325,-2.3941,-4.2881,-0.5917,12.0459,-1.7928,-0.7043,-4.8338,-6.2241,-6.263,-0.6557,-1.8891,1.66E+00,-2.70E+00,1.59E+00,5.25E-01,3.61E-01,-8.94E-01,-6.37E-01
2012/6/30,-4.09,-3.8429,-1.2322,-6.8631,-5.6886,-4.3568,-8.2789,-2.8532,1.245,-9.2683,-9.0967,-0.5254,9.9158,-11.6479,4.3253,1.0436,-3.8832,-15.5024,-7.2941,-2.4622,-5.1568,-8.4112,-5.5108,-10.3293,-2.6257,-1.2133,-0.6696,3.1272,9.1907,-1.5184,-6.8841,-1.718,6.3426,6.5835,1.8219,-9.1823,-7.5051,-1.3889,-2.5618,4.4381,-1.2135,-2.0495,-12.0339,4.54E-01,-2.96E+00,-5.08E-02,1.26E+00,-1.54E-01,1.89E-01,8.77E-01
2012/7/31,-4.09,-5.7811,0.3339,-2.7778,-3.9683,-4.6802,-3.2462,-9.1575,0.5291,-3.5375,-8.334,6.2076,-0.209,-1.8727,-4.1459,4.6669,2.0097,-2.4966,-15.4822,-4.6075,-4.1881,-8.6492,-10.5094,-1.379,-3.8521,-5.201,7.4109,-2.7027,-2.7391,-3.5242,0.3663,-5.0633,-2.2092,2.459,-6.5868,-10.6667,-4.6427,-2.1127,-2.0994,-0.2126,-5.4762,-3.1915,-10.79,-3.23E-02,-3.30E+00,-9.88E-01,-1.10E+00,-2.66E-01,-6.52E-01,2.42E-01
2012/8/31,-4.74,-0.6527,-0.6656,3.8095,-0.1653,-17.3397,-13.3698,1.6129,-17.4561,6.1798,-11.3281,0,4.8168,-4.1221,-3.5179,-10.8262,0.0896,-10.0346,-3.1746,-6.5295,14.3405,7.0213,1.1824,-3.2476,-1.3622,-2.7815,-9.188,-1.5873,-12.1835,-1.3699,-2.7668,1.8667,-9.8202,-4.8533,-2.8846,-8.742,-4.3165,-0.3597,-0.5643,-3.5156,1.2594,1.8315,3.8877,-3.88E-01,-3.32E+00,-6.64E-01,-6.13E-01,-1.63E-01,-3.22E-01,2.98E-01
2012/9/30,4.16,-3.0223,-2.921,5.0459,0.8141,-2.0115,15.362,0.7937,14.3464,-2.381,19.2952,-2.3744,0.9324,10.1911,6.5152,11.8493,24.4259,22.9231,-8.1967,8.4211,2.6828,5.8648,1.8364,7.2727,-2.437,-6.4033,7.7647,-0.8065,8.3537,-1.3889,2.439,-1.8325,3.4254,5.9417,1.3201,12.6168,3.0075,-3.9711,1.3699,4.1958,-0.995,-2.8777,-1.2474,-1.45E-01,-2.72E+00,-1.03E+00,-4.32E-01,5.65E-01,1.18E-01,3.06E-01
2012/10/31,-1.69,1.7615,6.5487,1.0917,4.0067,6.7449,-7.6336,-0.7874,3.2528,-3.794,-4.2836,-4.7708,-0.8578,-1.0838,16.6667,0.6265,-10.9779,3.1289,-2.6786,0.2648,-11.0385,1.831,-0.9836,-0.0435,3.2473,-0.1456,9.607,1.626,-7.4869,-0.939,7.5397,1.8667,-11.3693,-8.1481,-0.9772,-3.9419,8.7591,0.3759,-1.139,7.5238,3.7688,1.1111,-5.4737,-6.77E-02,-1.81E+00,-3.79E-01,-1.05E+00,1.73E+00,2.13E-01,-1.04E-01
2012/11/30,-2.6,-0.6658,4.485,0.8639,-3.3708,-7.967,-8.0808,-0.5952,3.2403,-10.7042,8.5648,-9.332,-7.2879,-5.1132,5.1948,-12.6668,-0.7539,0,-11.3761,-1.7606,-6.2408,-8.3449,4.3046,-5.5217,2.0968,4.9563,7.3705,4,-5.9794,0.237,5.5351,1.5707,-6.3023,1.6705,2.6316,-18.0346,6.9351,-3.3708,-2.4194,-15.0788,0.9685,1.0989,-10.245,6.69E-02,-2.05E+00,-1.94E-01,-1.22E+00,1.25E+00,-4.06E-02,1.22E-01
2012/12/31,19.91,32.9759,24.9603,4.7109,14.9502,16.7164,33.4665,37.2255,18.5702,10.4101,25.3731,13.6511,8.0402,20.1694,29.0809,-3.236,3.5269,11.9539,28.5714,20.0717,7.1261,10.5634,7.3016,16.659,31.8325,29.1667,8.9054,7.6923,24.1502,16.7849,6.2937,6.9588,33.9286,21.2465,25,29.1173,3.7657,18.2171,6.7296,6.0735,10.3118,5.7971,18.3623,3.82E-01,-1.82E+00,1.04E-01,-3.14E-01,1.25E+00,1.31E+00,1.14E+00
2013/1/31,7.12,15.7258,31.1705,2.454,2.1676,7.6726,13.6228,4,-2.7941,2.8571,-4.3084,4.3851,8.4718,6.278,-8.0057,-14.4101,-2.0964,8.5637,3.5427,4.1791,-10.4532,16.5605,6.3609,-3.1558,19.3529,9.2473,-0.6814,10,6.4694,9.3117,4.6053,6.0241,-3.7778,-3.6916,-6.4103,7.0408,-2.2177,14.0984,2.4336,1.787,8.0435,6.8493,3.5639,1.18E+00,-1.31E+00,-1.40E+00,2.13E+00,1.69E+00,-1.14E+00,4.69E-01
2013/2/28,-1.61,-3.6585,0.485,0,2.2631,-9.7387,-3.4914,-6.993,-3.0257,-1.1111,-0.237,5.9361,0.9188,4.1591,-0.9626,-2.18,-5.5139,-3.1952,-1.5552,-5.5874,9.2245,7.6112,9.1794,-6.5173,-0.251,-4.9213,-3.0875,-2.5974,-2.3849,-6.8519,-3.4591,-4.3182,-6.6051,-8.2969,6.5753,5.9104,-1.2371,-1.4368,-2.2678,4.837,-5.2314,-3.5256,9.7166,1.61E-02,-1.82E+00,5.84E-01,-3.66E-01,1.30E+00,-6.58E-01,-1.38E+00
2013/3/31,-8.24,-8.4087,-6.9498,-5.5888,2.213,-3.4211,-16.9283,-5.0376,-10.4524,-0.8427,-12.114,4.3103,2.003,5.2662,-5.2488,-3.5086,-6.7989,-12.0681,-13.1122,-3.4143,1.719,14.9075,-5.0955,-5.098,-12.9341,-8.6957,-10.2655,-10,-11.2598,-6.3618,-8.7948,-3.8005,-9.545,-9.2593,-13.3676,-14.4914,-14.6138,-6.1224,-3.9779,12.7136,-2.7601,-2.99,-9.4096,2.30E-01,-1.79E+00,-9.87E-01,2.34E+00,8.44E-01,-9.19E-01,1.29E+00
2013/4/26,-1.51,-2.4679,1.8672,1.4799,-8.931,-5.9946,2.0542,-3.8005,1.3066,1.1331,0.6757,-3.2231,-9.3127,2.199,5.4575,3.038,-2.3404,3.2845,-3.2727,0.707,3.4533,-7.702,-5.3691,-5.9229,4.9711,-0.3401,1.3807,-0.3704,-4.6924,-1.6985,-0.3571,0,2.5697,-2.2741,2.0772,1.4737,-2.6895,-6.8323,-2.4166,-6.5191,1.5284,-1.7123,-14.664,3.11E-01,-1.97E+00,-8.05E-01,3.17E-01,1.20E+00,-7.37E-01,2.05E-01
2013/5/31,4.3,5.9717,6.5173,-0.2083,0.1486,0.8696,4.5894,11.7695,7.2227,5.3221,4.8993,6.3194,2.8215,-1.6162,31.3619,13.2824,0,-4.0318,16.5414,-1.092,34.9432,-3.5012,0.2837,-0.0488,2.0925,3.5267,-0.1946,1.487,0.2411,1.7279,2.1505,3.2099,-0.7996,-0.716,9.593,8.61,10.5528,4.3333,0.4717,6.0391,3.2258,2.7875,7.8759,-2.16E-01,-3.21E+00,-9.59E-01,-4.40E-01,2.86E-02,-3.37E-01,4.87E-01
2013/6/30,-14.11,-16.5323,-16.5609,-15.3256,-16.7414,-18.9655,-22.0169,-10.2888,-19.0359,-17.0213,-15.483,-15.8233,-7.2519,-9.029,-2.9669,0.8096,0,-19.4605,-14.6774,-11.2927,3.3684,11.9542,-11.0184,-17.2852,-20.3344,-12.4176,-18.1287,-3.8828,-12.2444,-13.5881,-14.386,2.3769,-14.4009,-16.9585,-13.2626,-21.8399,-18.1818,-5.8454,-9.2952,-9.7093,-8.036,-2.4567,0,-3.99E-01,-3.49E+00,-4.25E-01,4.67E-01,-7.37E-01,7.05E-01,1.74E+00
2013/7/31,-1.9,-5.0725,-3.3839,1.7812,4.7847,-7.494,5.1333,-8.6207,2.8254,2.2727,-3.0299,9.0649,26.8968,-1.9975,2.2127,-12.4084,-32.7807,8.0717,0,3.9413,1.8958,10.4859,1.8519,0.0275,-4.1638,-2.9994,18.5876,-0.4065,-7.71,-1.8578,14.3443,-3.2338,4.8162,-3.141,1.2717,5.9553,14.2779,-7.9585,6.1761,3.0479,3.3735,-1.845,0,3.97E-01,-3.23E+00,-7.50E-01,-8.03E-01,-3.69E-01,-2.15E-01,9.17E-01
2013/8/30,5.86,14.3766,9.058,7.5,0.6849,10.5469,6.4396,0.566,2.4534,2.8571,6.6993,2.9808,-4.3049,7.5159,10.6434,0.1662,14.658,4.7026,0,13.2275,-1.7677,1.1285,12.562,3.625,17.2185,7.9019,-4.5267,0.8163,8.6658,4.7872,-2.9323,0.2571,5.8752,4.5249,0,3.0445,-0.2494,1.8797,-3.0941,24.0279,-0.9324,-0.3759,0,3.68E-01,-2.86E+00,-8.30E-01,-3.64E-01,2.53E-02,1.64E-01,9.95E-01
2013/9/30,3.35,12.2358,7.5565,-2.3256,2.6501,-0.3534,11.4234,4.3977,-5.364,1.2346,3.5988,20.2597,13.6207,-3.7322,-11.7391,-19.4573,-10.0244,-1.321,0,3.7383,4.3188,27.8398,6.9016,0.5428,5.1789,1.8939,5.6034,1.2146,2.9572,9.1371,1.1278,-1.0256,1.5607,-0.3608,0.3115,4.3182,-2.25,5.1661,2.1105,11.0397,1.1765,4.9057,36.7713,4.04E-01,-2.52E+00,-1.48E-01,-4.00E-01,-2.70E-02,-1.29E-01,1.16E+00
2013/10/31,-0.82,2.3786,-6.2762,-3.3333,1.5766,-2.4823,-3.5801,-1.6484,-3.7449,4.878,5.9867,24.0461,-12.8403,7.5077,9.0027,-0.6106,-7.2621,3.2798,0,16.5916,2.415,-7.9454,1.0989,-1.9796,5.282,-0.7435,4.0816,2,3.1373,-2.5581,6.3197,-1.0363,-2.4474,1.5206,2.4845,-5.1198,24.5524,0,0,-13.2722,-0.4651,1.4388,-7.2131,4.43E-01,-2.18E+00,2.61E-01,-1.51E+00,8.36E-01,3.63E-01,6.19E-01
2013/11/29,1.6,-3.2914,-4.1295,5.9113,5.9867,6.5455,8.8608,1.5829,-6.4143,0,7.2524,0.9286,6.877,13.5661,-10.6383,4.6851,-3.9883,15.7485,0,10.8822,17.9981,-0.9968,7.4728,3.4884,-9.0136,-1.7478,5.4902,2.7451,12.8734,-1.1933,4.1958,-0.5236,14.1774,12.1255,-0.6061,5.8553,12.115,0,0.8929,-2.8102,2.3364,-0.3546,9.894,4.06E-01,-2.63E+00,-3.96E-01,-1.02E+00,4.34E-01,8.92E-01,9.50E-01
2013/12/31,-5.01,-5.6056,-10.1281,-4.8837,-6.2762,-6.1433,-1.1628,-0.1833,-7.3034,-6.686,-8.0624,12.6509,12.1015,4.3347,-3.6667,-9.2336,-12.614,-5.0392,0,13.2404,1.1011,-4.0275,-6.574,-6.4459,-5.2336,-4.5743,-12.8253,-5.3435,0.409,-7.2464,-10.0671,-5.7895,-5.3143,-3.7532,-4.2683,-2.82,-8.2418,-6.6667,-2.5284,-0.0859,-5.4795,-6.7616,-9.8071,-5.17E-02,-2.18E+00,3.20E-01,-6.71E-01,1.06E+00,9.67E-01,1.67E+00
2014/1/30,-6.23,-2.7572,-4.9223,-7.335,-0.4464,-4.3636,-9.1765,-4.8669,-5.8182,-6.5421,-8.2037,-8.3716,-1.3428,-4.4444,-3.1142,2.9755,-4.4058,-6.4269,0,8.6154,-3.6708,-9.2886,-1.7591,-12.5158,-7.7909,-5.0599,-12.3667,-4.0323,-6.2066,-1.5625,-10.0746,-4.7486,-11.6568,-9.3192,-4.7771,-5.5804,-15.3693,-6.391,-2.2049,-3.5817,-4.8309,-4.1985,-7.4866,-6.14E-01,-2.22E+00,-7.08E-01,2.62E+00,4.84E-01,-7.32E-01,8.57E-01
2014/2/28,-0.88,-2.8353,2.5886,-2.9024,20.4036,-1.5209,-6.4767,-4.1506,-13.1274,2,-2.1572,21.1699,-3.6296,-11.4257,-6.6327,13.4796,14.3117,-5.041,0,-13.8338,-5.3183,-0.9309,-6.3361,-0.289,-2.4599,7.5736,-2.1898,-2.1008,-1.6352,0.2646,-1.2448,-2.0528,-1.7104,0.9475,-5.6856,-5.2009,-1.6509,-1.6064,1.9894,12.7489,-2.0305,0,0.1927,-6.96E-01,-2.85E+00,-1.78E-01,-3.61E-01,3.53E-01,-3.06E+00,2.83E-01
2014/3/31,0.14,9.0909,1.7264,4.6196,-6.3315,-2.7027,-2.7701,-1.1078,12.7407,0,9.0551,-7.908,-7.2833,-0.2854,52.1311,3.1196,-11.1936,8.4273,70.1721,-11.0137,0.6192,2.0216,-1.7647,0.2174,4.386,-1.043,4.4776,3.8627,-2.4416,-0.2639,5.042,3.2934,-1.8024,-3.0325,3.1915,-5.4863,8.1535,1.2245,-1.1704,-12.3616,3.6269,3.1873,-10,-1.63E+00,-2.22E+00,4.83E-01,2.61E+00,1.31E+00,3.24E-01,-1.75E+00
2014/4/30,1.84,0.5144,2.7415,0.7792,-0.1988,-4.7619,8.1671,2.1385,0.3942,3.9216,4.8375,-5.5417,-0.3883,-5.7241,-8.7284,5.9341,-4.1219,4.0392,-11.4607,-5.4803,5.4066,3.5445,-0.2994,2.7477,6.8277,0.3953,4.0476,0,4.2066,-1.8519,0.4,-0.2899,3.2278,1.3403,3.0928,6.9921,-5.5432,-0.8065,-1.0526,-1.5639,-1,0.3861,-4.7009,-9.97E-01,-2.14E+00,-2.38E-01,1.00E-01,1.16E+00,-1.14E+00,-5.63E-02
2014/5/30,-0.8,-2.0471,-5.3367,1.5464,1.5936,-2.5,-0.6146,1.1964,2.5734,2.8651,0.551,4.5983,7.1082,2.3072,5.9134,-6.5048,-3.676,-4.0588,-5.203,-1.9544,-4.8791,-8.4906,0.7508,0.7741,-3.3432,3.0184,2.0595,2.8926,1.8906,2.6954,1.992,3.4884,2.8817,2.8655,0.6667,-3.5758,-0.939,0.4065,1.0638,-2.9025,1.7677,2.6923,-0.4484,-5.26E-01,-2.22E+00,-3.36E-02,-4.82E-03,4.40E-01,-2.32E-01,1.23E-01
2014/6/30,1.15,1.5012,1.3605,6.6115,6.4646,-1.2821,1.2367,0.8867,-1.1952,0.3106,4.7945,2.0212,2.3773,-6.0836,-5.8714,4.7338,0.1294,-1.5312,6.6934,1.0847,2.7181,-2.4448,0.3275,1.5363,2.0346,2.6752,3.3632,1.2048,-0.2231,1.8373,0.7812,2.4011,6.0191,-0.6413,-2.0516,-1.9028,6.6351,2.834,1.3298,5.2709,2.4814,2.938,9.7013,-7.14E-01,-1.64E+00,-2.89E-02,1.75E+00,1.22E+00,6.99E-01,1.42E+00
2014/7/31,11.16,8.2873,7.0853,5.3659,-0.9488,9.0979,14.8342,15.0583,21.1694,9.2879,14.2469,-7.2313,-0.3317,14.6438,9.2968,12.8821,7.597,14.313,1.5505,9.8238,-10.1028,23.1221,13.1537,12.6439,15.7642,11.9101,13.1187,7.6923,13.4215,27.025,12.4031,6.1947,15.3875,11.3152,11.3475,13.8298,17.345,10.4866,6.366,2.1792,8.2139,6.2745,5.6017,-4.67E-01,-1.98E+00,5.28E-01,-2.05E+00,1.16E+00,3.34E-01,-6.82E-01
2014/8/29,-2.47,-3.3673,-5.8647,2.5463,5.9387,0.8065,-0.9232,-4.607,-5.6572,-1.983,3.9288,-0.1146,2.4206,-4.0852,-6.9066,-1.2729,0,-3.8954,1.118,-1.6656,4.8851,0.0754,3.6415,-2.147,-6.7751,-0.2721,0.1969,-3.5714,-4.7512,-8.913,-0.7565,-3.8889,-4.1355,-1.2541,0,-2.1028,-1.3487,1.9084,-1.6209,11.019,-3.1325,-1.107,-0.5894,-1.07E+00,-2.03E+00,4.87E-01,-1.24E+00,9.95E-01,6.81E-02,-1.44E-01
2014/9/30,2.47,2.9567,-0.3195,-2.0316,-2.5162,19.2,3.3359,-1.6098,-2.1164,3.4682,6.7927,3.2538,9.5126,3.8392,-1.4838,2.4648,0,-0.5211,18.1818,-0.8783,5.7534,-2.4849,5.1351,3.4574,-0.969,9.5498,2.7505,2.4691,-2.1609,2.3866,11.3879,2.0231,0.8836,3.9439,7.9618,8.8305,2.7344,3.7453,0.868,1.0406,1.2438,0.7463,29.6443,-1.09E+00,-1.50E+00,5.37E-01,-3.90E-01,1.61E+00,-1.05E-01,1.93E-01
2014/10/31,2.35,4.6154,3.2051,2.5346,-0.566,6.0403,-0.3754,3.9461,3.964,1.3966,-1.2168,1.8908,5.0715,3.004,1.9025,-3.3615,0,0.291,-5.5094,4.6203,-2.9145,-7.3745,2.5707,-2.635,6.2622,4.9813,23.327,2.8112,4.0155,2.7972,32.2684,3.6827,2.8851,3.9228,2.6549,14.8026,10.2662,7.5812,0.6418,-0.4225,2.7027,3.7037,-4.878,-1.35E+00,-2.16E+00,5.60E-01,-1.57E+00,1.22E+00,1.82E-01,2.60E-01
2014/11/28,15.08,21.5686,13.8199,13.2584,2.277,31.0127,30.0678,12.5,24.7834,8.2645,10.7503,4.7423,-8.4211,-0.0561,37.8841,-0.5361,10.0302,5.6297,5.8306,3.5088,-5.8039,2.2509,20.0501,5.5446,11.7864,8.8968,35.1938,11.3281,15.4186,21.0884,22.9469,10.3825,20.7812,39.8515,20.1149,60.936,0,27.5168,4.2092,11.5354,12.4402,18.9286,1.2821,-2.47E+00,-1.86E+00,4.09E-01,-6.20E-01,1.33E+00,7.22E-01,4.76E-01
2014/12/31,33.3,26.5323,48.4311,39.0873,20.4082,24.6377,96.4079,36.5432,50.2778,25.9542,8.544,3.8386,5.0743,22.2222,22.9901,21.6761,9.006,21.3187,34.5114,8.4746,0.7082,16.7142,11.2735,26.8918,35.9143,19.0632,75,30.1754,50.534,27.3408,82.7112,20.5446,33.9138,51.1062,74.1627,45.2226,10,28.4211,32.3133,5.5635,43.1915,24.6246,45.7278,-2.62E+00,-1.78E+00,4.49E-01,1.50E-01,1.77E+00,1.50E+00,1.16E+00
2015/1/30,-7.03,-7.7757,-12.3581,-15.2639,-7.0878,-3.2946,-17.8171,-13.5624,-3.1423,-8.6869,5.496,6.019,8.6179,-0.2755,8.0734,-6.5605,29.2191,-10.4167,31.6847,7.4892,19.5499,-4.6455,-0.3752,-6.1114,-12.303,-5.1235,-14.0236,-6.7385,-7.2547,-8.3824,-12.4731,-6.7762,3.4365,5.6515,-19.2308,-13.8128,96.8652,-14.5492,7.6781,3.7613,-13.0758,6.0241,-5.8632,-3.93E+00,-2.26E+00,-1.44E-01,2.62E+00,8.62E-01,-2.77E-01,3.13E-01
2015/2/27,3.13,0.4147,-2.5343,12.4579,4.8093,4.008,5.9943,2.5105,-2.7672,25,7.5497,1.2517,-0.8597,0.7366,2.5467,7.8282,-0.117,2.7806,7.5704,2.4561,1.4118,3.4432,0.4708,-2.3622,-1.5895,0.675,4.1921,-3.4682,1.4288,-2.4077,5.4054,0.8811,2.9931,3.8248,9.0136,8.9616,-3.5032,-1.4388,-1.89,9.5073,-2.735,-6.5909,3.3449,-2.94E+00,-1.62E+00,-1.24E-01,4.74E-01,2.91E+00,3.32E-01,-2.00E+00
2015/3/31,11.06,8.6717,5.0921,6.5868,1.4241,52.6012,11.1412,5.9184,12.7576,-3.1858,2.0525,9.4481,14.222,10.2377,14.6109,2.57,4.6058,12.3463,-0.3273,26.4188,23.3179,9.2422,3.3739,8.0108,28.9326,4.5019,35.9912,9.8802,11.3261,5.0987,47.2028,6.1135,-1.4821,-1.0945,19.6568,31.027,40.1815,15.0852,2.7145,1.8038,7.2056,6.5693,12.0536,-3.74E+00,-1.91E+00,2.20E-02,1.06E+00,3.29E-01,-1.63E+00,-1.67E-01
2015/4/30,17.82,14.4395,9.4845,25.9831,26.6771,36.1111,4.6923,17.0199,30.2872,74.0402,8.6082,10.9722,23.6659,2.6119,12.0441,28.715,21.0075,4.0718,94.0339,4.9149,3.9511,18.1848,26.6546,13.0413,5.719,19.0651,35.9333,7.9019,13.318,8.2942,68.7253,11.3169,2.7139,2.726,42.1121,-1.6493,86.5803,17.3362,14.1517,0,12.2951,10.5023,45.0199,-3.76E+00,-2.05E+00,2.16E-01,-4.47E-01,8.88E-01,-8.85E-01,-1.02E+00
2015/5/29,-3.98,-5.7001,-5.6497,-5.4143,-11.2069,-7.7922,-11.6123,-0.8233,-19.3053,-9.8739,-11.1852,23.8095,10.0684,10.0347,-13.0917,4.599,-11.9642,7.5726,0.1128,8.2626,36.1086,12.5991,-12.8132,-9.4672,-4.608,-2.0015,-17.8472,-8.0808,-3.6319,-1.4451,-15.955,-6.2847,-7.4383,-7.3568,-14.5872,0.309,-7.0978,-6.8468,-10.9783,0,-7.0073,-10.5372,21.3599,-4.63E+00,-1.13E+00,6.57E-04,-3.88E-01,1.17E+00,-3.58E-01,-1.13E+00
2015/6/30,-7.17,4.1684,-0.7984,5.1745,-0.5865,46.2777,-11.3928,3.5971,-3.9022,-14.5688,-5.7548,-15.0323,-7.5839,-10.2783,14.3877,-2.3424,-13.2069,-13.8623,-31.1637,3.339,4.7362,-6.2035,19.2833,4.4611,-4.1134,4.6347,-24.0501,1.9231,-4.0964,25.3582,-23.26,4.142,-6.3605,-10.2226,-9.1422,-20.8419,-37.657,7.2243,-4.9497,29.0888,11.9309,12.933,-16.2422,-4.30E+00,-8.81E-01,-5.78E-01,1.54E+00,2.04E-01,6.33E-01,7.03E-01
2015/7/31,-13.45,-11.1439,-7.5196,-22.3112,-15.0142,-19.6011,-22.7425,-4.1418,-19.4396,-14.714,-10.0014,-10.7118,0.8756,-14.9297,-2.6929,-10.1338,-29.2308,-13.007,-30.6181,-25.0083,-15.2396,-8.6772,-27.208,-18.4173,-9.913,-19.3022,5.3743,-3.0523,-18.0419,-16.9903,-4.0175,-4.2218,-15.9832,-9.834,-16.2455,-16.2992,-16.2309,-15.2985,-1.3179,-5.8172,-11.5666,-5.4107,-10.2027,-4.31E+00,-1.44E+00,-1.11E+00,-4.79E-01,-5.97E-01,-6.62E-01,-6.27E-01
2015/8/31,-10.19,-0.7299,-5.7206,-15.9057,-17.5,-30.7365,-26.5856,-1.4451,-8.6957,5.8158,-10.1765,-11.8081,-1.1796,-9.6257,-13.2298,-5.5408,1.0297,-2.0364,-17.5811,-10.1968,-18.1304,-6.6628,-1.4677,-8.7596,-6.1776,7.0615,-16.1506,-13.0814,-9.2298,-6.8713,-11.796,-13.2505,-9.2697,-9.915,-11.9253,-24.6384,-13.5241,-7.2687,-19.3868,-14.3065,-14.404,-13.2584,-6.4682,-4.46E+00,-1.37E+00,-1.51E+00,-1.36E+00,-5.78E-01,5.19E-01,-5.67E-01
2015/9/30,-2.8,11.1631,-1.4002,-2.1016,-2.5014,-7.1871,-9.8872,4.2229,-4.881,-8.2443,-2.8902,-2.8369,4.0315,-14.2012,-14.8191,-2.59,-1.9253,-7.8228,-6.3708,-9.761,-9.1621,-4.5313,-12.3138,-6.7655,-0.1372,-8.4043,-1.8827,1.3378,-0.8197,-4.5526,-5.6083,3.1026,-1.8576,0.3538,-5.7096,-4.5922,-2.4812,-7.8385,-7.2928,-1.5998,0.1934,-3.6269,-19.2742,-4.81E+00,-8.24E-01,-1.02E+00,-6.52E-01,-5.41E-01,7.55E-01,-5.22E-01
2015/10/30,7.53,-1.4432,1.7751,1.4311,6.1181,12.9506,16.863,0.9004,9.1364,9.9834,5.7738,13.6405,13.7692,16.0502,14.1553,12.3745,5.3695,5.4006,16.9725,9.4923,18.297,3.5761,3.3975,4.2847,4.8764,1.8583,12.8413,3.6304,12.1567,4.4408,12.5229,5.787,11.1311,3.7603,7.4394,27.0115,6.862,5.9278,6.3183,-1.2624,5.7915,4.3011,10.4895,-5.02E+00,-7.33E-01,-1.12E+00,-2.54E+00,-1.24E+00,7.43E-01,-7.63E-01
2015/11/30,0.95,13.7889,0.3488,-3.351,-2.3857,-8.5106,11.0901,-4.0714,10.0917,-5.9002,7.6533,-3.1313,-5.8421,-7.5095,2.88,0.2104,0.6575,-7.545,13.9869,0,8.0548,-7.4074,-4.9288,-2.5845,2.4885,5.7013,-10.2027,0.3185,0.9256,0.6299,-9.1795,1.0941,7.2993,-0.6795,-0.161,5.5995,-4.7619,5.3528,-4,-3.1577,5.292,5.9278,-9.0416,-4.81E+00,-5.81E-01,-1.24E+00,-1.56E+00,-1.01E+00,8.60E-01,-2.92E-02
2015/12/31,3.6,-2.0375,11.7034,1.8248,1.0183,10.7235,9.7561,4.593,10.8333,-0.6431,10.9252,-2.6523,-0.7276,4.264,19.4401,1.8105,14.3168,4.1413,-6.3647,0,-3.7272,11.3898,-0.6912,1.8367,9.0735,13.5922,-1.8208,2.5397,6.5089,0.7825,-2.3256,-0.8658,9.0703,7.6017,2.2581,5.624,-1.7522,-2.0785,-0.5952,18.6437,0.1733,-2.4331,-6.5606,-5.22E+00,-2.31E-01,-1.38E+00,-7.79E-01,-8.49E-01,1.72E+00,4.91E-01
2016/1/29,-18.19,-7.4986,-10.8921,-6.6308,-11.6935,-26.2544,-25.0646,-16.6759,-18.1391,-34.466,-12.2526,-22.5628,-10.4235,-23.4174,-26.6276,-8.0389,-20.5238,-23.0409,-28.169,0,-21.2109,-18.8071,-20.9977,-10.4876,-15.29,-11.396,-25.1484,-7.4303,-16.1667,-16.9255,-27.1062,-10.4803,-19.3694,-27.7994,-19.0852,-26.0649,-22.8016,-15.8019,-10.6587,-22.4414,-16.782,-19.7007,-34.1489,-6.28E+00,8.33E-02,-2.62E+00,4.73E+00,-1.86E+00,9.23E-02,6.47E-01
2016/2/29,-1.57,9.1716,-0.7839,-2.6871,-0.6849,-7.2785,-1.5172,-2.8686,4.248,-0.7407,-1.5575,-1.3194,2.2045,-5.7059,-0.7098,7.1069,51.3481,7.0669,14.0665,-24.5968,-5.6456,-2.6237,-4.699,1.7164,-1.9364,3.0011,-3.5679,0,-3.8767,-3.3645,-8.4171,-1.7073,1.0314,-2.7397,0,-6.5158,-5.9476,-4.7619,-2.4129,-9.6522,-5.8212,-1.5528,-5.8158,-5.05E+00,-8.89E-01,-1.47E+00,-1.38E+00,-2.02E+00,-1.27E+00,-1.17E+00
2016/3/31,10.68,-2.8184,7.8107,3.5503,9.4253,7.6792,24.6499,10.5082,2.2026,9.204,9.4381,11.0306,5.0256,14.4298,8.4897,15.2296,4.0776,19.8722,-0.9716,13.2353,8.9197,12.1632,5.8552,3.1548,9.5205,4.8907,15.2107,7.0234,9.6518,7.7369,10.4252,6.4516,11.5695,20.0201,11.1111,25.5319,9.7535,10.2941,4.533,9.8412,7.064,7.2555,23.3276,-4.30E+00,-4.56E-01,-2.01E+00,2.65E+00,-2.09E+00,1.42E+00,-1.40E+00
2016/4/29,-0.97,-0.5577,2.0856,6.0952,2.3109,-3.962,-7.6404,10.317,-3.556,-7.9727,1.3958,-3.1109,-1.1645,10.6072,3.7068,1.4376,15.9757,-4.2629,-6.1132,-1.6529,-0.9156,3.1572,-4.8035,5.1209,3.7991,2.1825,-6.7797,-2.5,0.723,-3.4111,-7.0807,-0.6993,5.2612,-9.0947,-3.3333,1.7534,-7.7148,-2.6667,-2.4967,-3.5706,-3.299,-1.4706,-12.3783,-4.03E+00,-5.26E-01,-1.19E+00,-1.50E+00,-2.27E+00,1.00E-02,-6.42E-01
2016/5/31,1.03,2.5799,-2.2581,-5.0269,-0.8214,12.8713,2.129,1.4085,-1.3981,-0.9901,-0.2458,-0.1554,-1.5853,-1.3648,0.3184,5.2826,-2.919,-5.8132,-8.6013,9.8439,4.3634,5.6165,-0.6116,-5.6157,0.4963,4.466,-3.2536,2.2436,2.1223,2.7881,-3.0749,2.3474,-1.159,-0.3227,-0.363,6.1459,2.6455,1.6438,-0.6739,0.3635,4.0512,0.2985,-2.381,-4.10E+00,-4.11E-01,-1.56E+00,-1.22E+00,-2.38E+00,-3.61E-01,-3.36E-01
2016/6/30,-0.83,-3.6108,0,-6.2974,-1.0165,3.2164,-3.3353,-2.7778,1.649,-3.246,0,0.3459,4.9896,8.805,-1.2955,10.3792,31.8196,-1.6477,-3.1055,-2.9508,-1.7708,8.1765,-0.9231,0.8602,-2.2356,-3.6245,-1.4837,0.3135,-2.0782,1.8083,-3.8621,1.8349,-0.9161,-1.7147,0.6449,2.381,-5.4639,1.3477,-1.6312,0.6894,2.8805,0.611,2.9268,-4.62E+00,4.22E-01,-1.17E+00,1.26E+00,-1.77E+00,8.52E-01,9.42E-01
2016/7/29,2.85,0.8349,2.5756,0,1.4831,21.4899,-0.0616,2.0324,4.1715,11.811,22.334,13.6172,8.9005,10.4046,5.0041,9.5888,17.7332,8.9409,-14.9723,25.7725,-0.585,11.2178,2.4845,6.5955,1.4436,-0.4418,-8.9671,2.5,2.1319,4.6267,-1.8651,1.9558,-0.9246,0.5764,7.1429,-0.37,-1.5267,7.3579,-0.1383,2.2965,6.5263,4.0498,4.7393,-5.05E+00,1.12E+00,1.06E-01,-2.56E+00,-1.70E+00,-3.95E-01,-1.45E+00
2016/8/31,3.82,4.9682,1.6376,0,4.3841,-13.6792,7.2622,8.5664,9.01,0.4695,-4.9505,7.9593,-0.7784,6.911,4.1016,-0.9452,-8.8845,7.5126,9.1304,-4.2048,-4.5677,-9.1154,2.9268,2.3192,3.9457,6.9048,4.9327,3.2154,5.7152,3.2028,10.5036,5.3488,6.479,3.1041,12.2807,11.2363,4.8424,2.3438,4.4321,3.7564,4.1502,3.8922,1.5083,-4.30E+00,1.46E+00,-5.42E-01,-7.96E-01,-1.19E+00,-1.38E-01,-1.62E-01
2016/9/30,-2.32,0.0607,0.6432,0,-1.1698,-4.3716,-4.6154,-3.3816,-2.0408,-3.0374,-1.0417,0.6429,1.6382,0.6856,5.9287,-3.9589,-8.505,-1.057,-4.2829,-3.2443,2.6496,-4.3917,0.158,1.3333,-0.6223,1.3363,-3.7393,-2.4922,0.4007,-4.6552,-5.3619,-2.2075,4.6596,-0.8337,-3.5938,-12.096,-3.7594,-3.5623,-3.9799,-3.4276,-1.7078,-2.8818,-7.8752,-4.18E+00,1.33E+00,-5.87E-01,-1.71E-01,-1.56E+00,-6.40E-02,3.30E-01
2016/10/31,3.27,-1.3341,-0.6479,14.4898,3.0864,2.4286,3.0397,-0.7778,-4.6875,23.6145,8.3753,1.2351,4.7446,1.5564,-1.6649,6.7269,6.6248,1.1276,-5.8273,-1.5779,1.3322,11.6698,6.9401,11.1184,2.129,2.4176,14.3174,0.9585,1.3173,1.6275,19.1218,0,1.9826,1.9617,16.3695,14.3733,4.0179,0.5277,1.662,-0.0665,1.5444,0.5935,5.1613,-3.37E+00,1.81E+00,3.99E-02,-1.94E+00,-8.38E-01,2.56E-01,-2.75E-02
2016/11/30,7.39,5.4702,3.2609,14.082,2.1956,7.9498,6.8633,3.8634,7.9781,29.8246,6.6301,0.1262,1.5605,-0.0479,-5.8718,0.3554,-6.336,6.4554,5.8564,7.2144,3.6976,9.95,8.1121,0.2368,3.2495,8.5837,22.1359,1.5823,4.9697,4.2705,16.5279,2.0316,3.0355,18.1402,53.3426,-3.4096,28.5408,7.3491,3.8147,-1.1987,5.8935,3.5398,10.5828,-3.03E+00,3.10E+00,2.41E-01,-6.70E-01,-5.96E-01,5.87E-01,4.77E-01
2016/12/31,-5.41,-5.5361,-4.4211,-0.7813,5.6641,-9.3023,-9.5211,-5.1213,-7.5911,9.7598,-7.1287,-2.7731,-2.9023,3.1624,-8.5343,4.723,-4.2737,-6.505,-9.0814,-7.6636,6.1014,-11.0212,-3.4106,-4.43,-4.1568,-3.5573,-4.9285,-3.4268,-2.4773,-1.5358,-9.5918,-2.4336,-8.0768,-6.5917,-19.5277,-9.9344,-18.4474,-4.401,4.3307,-2.4938,-2.3339,-1.9943,-1.6644,-3.14E+00,3.82E+00,9.98E-01,-1.75E-01,-1.45E+00,7.47E-01,1.03E+00
2017/1/26,3.28,3.2696,1.8722,7.0866,11.4603,4.2735,2.6152,7.9545,0.9858,-10.5335,8.145,7.6923,5.1209,13.4696,1.6736,3.0735,1.3969,17.5118,-1.0333,2.3279,9.7087,4.6023,0.8475,6.4277,5.7621,3.3811,2.7592,3.5484,3.0483,4.3328,0,4.3084,4.5013,6.7663,0.9029,3.4155,2.3541,4.3478,8.805,5.4147,5.6985,4.0698,7.8984,-2.94E+00,4.87E+00,7.14E-01,4.26E+00,-1.68E+00,-6.35E-01,8.64E-01
2017/2/28,0.21,-0.8961,-2.3784,4.2647,-4.6434,5.1913,0.4248,2.3158,2.7115,7.4924,1.6562,3.4109,5.3523,7.3271,5.4321,2.9731,0.1351,2.7597,0.6961,7.913,2.2464,-1.9011,-2.521,-1.626,-1.8746,-0.2973,7.8112,1.2461,-0.7669,3.4884,2.0316,1.9565,-5.7891,-0.1944,-1.0067,-1.7325,3.2,1.4706,-4.8555,7.3661,2.9565,2.7933,0.3922,-1.51E+00,5.20E+00,1.04E+00,2.90E-01,-6.08E-01,-3.41E+00,-2.68E-01
2017/3/31,-0.46,-3.4961,-6.0908,-8.1805,-0.1739,4.6753,-2.6586,-1.3889,0.6336,6.2589,-1.5516,9.5072,7.819,3.3944,6.4012,8.9381,-3.4799,1.2695,-8.1797,11.6407,6.4581,4.7065,8.7644,14.2857,-3.2239,-4.4732,-1.9623,2.7692,2.1529,0,-2.5442,3.1983,0.2926,-1.4414,3.9548,-7.3829,-0.7752,-0.7246,-4.3742,15.4112,0.3378,0.5435,-3.125,-2.00E+00,5.09E+00,8.76E-01,1.73E+00,-3.68E-01,-6.79E-01,5.41E-01
2017/4/28,-0.59,-4.9969,-7.1934,-4.1475,0.6969,-4.4665,0.7449,-0.2087,-1.1542,0,7.368,4.6775,-1.2884,2.7665,34.0059,7.0194,0.9503,2.2179,-6.6499,0.0821,7.192,-3.4373,3.0383,0.5682,-4.6268,-6.4516,0.3849,1.1976,2.5669,-3.3708,-0.3405,0.8264,1.2035,3.2806,1.7391,1.1303,-1.3672,-6.0827,-0.8895,-6.2445,0.6734,-2.973,-5.3763,-2.37E+00,4.84E+00,1.40E+00,4.75E-03,-4.46E-01,-1.12E+00,-4.84E-01
2017/5/31,5.59,11.1446,2.033,1.6026,8.4775,12.0779,1.2939,17.1981,2.8662,0,10.3486,7.2444,11.6695,1.4241,-8.1851,7.1249,-20.9579,0.6132,4.7043,16.2428,7.2715,9.877,9.6154,10.0154,7.0505,-0.5562,-7.5153,4.7337,18.7302,2.99,1.4806,7.582,9.3694,7.4627,0.9615,3.4118,0.297,3.3679,0.2564,2.0508,6.5217,3.8997,-11.7898,-2.49E+00,4.55E+00,1.27E+00,-4.59E-01,-6.65E-01,-1.00E+00,-4.92E-01
2017/6/30,3.51,-1.4798,2.3661,9.325,-5.4226,0.8111,3.528,10.2743,6.1643,0,8.9063,-2.178,1.6067,23.8219,2.0105,6.5268,1.6766,9.1513,3.6233,6.2103,8.3013,11.2313,1.1536,4.0616,5.7741,2.5727,-0.2488,-0.565,10.0732,-0.6452,-2.6936,0,11.598,-3.0601,4.7395,1.8203,-0.0987,1.5038,-1.1502,13.0906,0.9348,-0.8043,0,-2.94E+00,4.99E+00,1.26E+00,2.02E+00,-5.59E-02,3.17E-01,1.01E+00
2017/7/31,4.68,5.6126,6.7049,10.8793,5.9022,-6.3443,1.9389,6.9427,5.4162,0,-2.9308,-5.9374,1.2058,20.9497,-7.9512,3.5274,10.3353,6.7752,1.6624,-6.711,-2.4365,-4.4465,4.2908,0,5.3381,4.8961,9.9609,10.6368,5.9981,8.6346,2.1915,9.7802,0.8857,2.298,6.3017,11.1732,-0.3953,7.1021,5.7217,-4.1473,9.5935,10.894,0,-2.95E+00,4.53E+00,1.38E+00,-1.29E+00,4.17E-01,-7.52E-01,-7.32E-01
2017/8/31,3.06,-4.8653,-2.3256,10.2151,-1.6367,8.9441,7.2597,4.6148,-1.9029,7.6305,-1.3603,1.604,5.7422,4.0127,5.0146,2.0635,2.2556,-3.255,-4.1509,1.7404,2.0812,13.0393,4.4571,0,-0.6194,-2.0513,-4.6672,1.6173,7.7086,2.8125,0.4775,7.078,14.0838,6.0507,-2.9155,18.2612,0.682,-0.7092,-0.246,3.7383,3.7092,7.9082,0,-3.04E+00,4.75E+00,1.59E+00,-2.17E-01,4.09E-01,-2.41E-01,4.18E-02
2017/9/30,-1.41,1.2589,-3.0988,-9.878,-0.1522,-5.7013,-0.2194,-4.486,0.8729,-7.7114,1.5473,16.8489,10.6945,16.9858,-4.2514,5.3935,-3.7071,6.3458,-1.3123,7.5552,17.9409,17.9245,-4.267,8.3851,-2.0397,-2.356,-4.8154,1.3263,-2.4693,-3.9514,-1.8161,1.6949,-3.3752,-5.2272,-7.1071,-1.4379,-2.1127,-3.5714,-0.6132,15.0817,-0.2861,-2.6005,0,-3.00E+00,5.71E+00,1.83E+00,7.29E-01,1.55E+00,-2.52E-01,3.50E-01
2017/10/31,4.51,-2.0202,3.3666,3.7889,1.1864,5.4414,-4.7828,6.0665,4.7115,2.965,4.3061,16.5253,12.1809,-12.0285,-0.9653,19.3938,-6.1088,4.6055,0.133,14.6455,11.6249,7.4545,4,-0.8118,0.8676,-1.6086,0.9275,-2.0942,18.8331,-1.5823,3.4682,1.6667,15.8408,13.1939,2.3707,-13.4836,17.6773,-0.2469,3.5044,19.9478,2.726,-4.3689,0,-3.32E+00,6.13E+00,2.84E+00,-1.61E+00,2.36E+00,-2.67E-01,-7.10E-01
2017/11/30,2.42,2.3791,6.7551,22.2947,1.005,26.9495,10.7968,6.9742,15.7025,-8.9005,-1.9371,-7.9819,-3.0344,3.8296,4.2235,2.0986,2.101,19.9081,-3.9841,-0.0578,-5.8072,-2.9442,-2.7473,14.5883,0.2867,1.0899,-1.9215,0,8.6389,1.4469,-3.352,-2.9508,-2.431,-1.3376,1.5789,-1.3797,1.31,3.4653,-1.2092,0.7735,-0.2793,-0.2538,-0.8052,-3.80E+00,6.08E+00,2.55E+00,1.35E+00,2.03E+00,1.74E+00,1.45E+00
2017/12/31,-0.21,-2.4787,-5.1977,-7.8891,1.6584,7.6784,-5.68,0.1035,12.3016,-9.0517,3.7565,21.3857,5.8138,-1.4545,-2.1509,10.5372,3.4849,-6.3538,0.9682,8.9647,4.3568,12.2385,2.4859,-2.6471,-2.8588,-3.6388,-5.1107,2.4064,0.0858,-1.5848,-3.0058,4.7297,-0.7667,-1.7108,-6.5285,-10.5699,4.3966,-3.11,-0.9792,4.0777,7.563,1.0178,-2.1104,-4.25E+00,5.64E+00,2.75E+00,-1.33E+00,2.42E+00,1.13E+00,-2.46E-01
